ID,type
product.product_product_3,product
product.product_product_4,product
product.product_product_5,product
product.product_product_5b,product
product.product_product_6,product
product.product_product_7,product
product.product_product_8,product
product.product_product_9,product
product.product_product_10,product
product.product_product_11,product
product.product_product_12,product
product.product_product_13,product
product.product_product_16,product
product.product_product_17,product
product.product_product_20,product
product.product_product_22,product
product.product_product_24,product
product.product_product_25,product
product.product_product_27,product
product.product_delivery_02,product
product.product_delivery_01,product
